Q (m^3/h),Q (m^3/s),H (m),eta (%),eta (0-1),P (W)
0,0,0,39,0.39,39
0.1,0.00003,0.23,38,0.38,39.5
0.2,0.00006,0.48,37,0.37,40
0.3,0.00008,0.72,36,0.36,40.5
0.4,0.00011,0.91,35,0.35,41
0.5,0.00014,1.14,34,0.34,42
0.6,0.00017,1.28,33,0.33,42.5
0.7,0.00019,1.42,32,0.32,43
0.8,0.00022,1.54,31,0.31,43.5
0.9,0.00025,1.68,30,0.3,44
1,0.00028,1.76,29,0.29,44.5
1.1,0.00031,1.86,28,0.28,44.75
1.2,0.00033,1.93,27,0.27,44.9
1.3,0.00036,1.96,26,0.26,45
1.4,0.00039,2.01,24,0.24,45.25
1.5,0.00042,2.04,23,0.23,45.5
1.6,0.00044,2.05,21,0.21,45.75
1.7,0.00047,2.05,20,0.2,45.8
1.8,0.0005,2.04,19,0.19,46
1.9,0.00053,2.02,18,0.18,46.25
2,0.00056,1.99,17,0.17,46.75
2.1,0.00058,1.93,16,0.16,46.85
2.2,0.00061,1.91,15,0.15,46.75
2.3,0.00064,1.87,14,0.14,46.6
2.4,0.00067,1.81,13,0.13,46.5
2.5,0.00069,1.73,12,0.12,46.4
